연번,구분,단지명,소재지 지번주소,소재지 도로명주소,층수,동수, 세대수 ,준공일
1,공공주택(의무관리),가야KT e편한세상,가야동 698,가야대로 569,29,5,299,2006-09-28
2,공공주택(의무관리),가야동원로얄듀크,가야동 128-1,가야대로 531,28,2,298,2013-05-01
3,공공주택(의무관리),가야반도보라빌,가야동 588,가야공원로 41,25,11,1048,2005-02-02
4,공공주택(의무관리),가야벽산,가야동 669-9,엄광로 122,15,21,1772,1992-06-26
5,공공주택(의무관리),가야삼정그린코아,가야동 361-85,엄광로238번길 5,22,3,386,2000-07-08
6,공공주택(의무관리),가야유림아파트,가야동 50-1,가야대로 679번길 155,25,2,300,1996-02-17
7,공공주택(의무관리),가야화신타운,가야동 55,가야대로679번길 166,25,3,299,1999-12-28
8,공공주택(의무관리),가야센트레빌,가야동 699,가야공원로 6,35,2,212,2020-06-30
9,공공주택(의무관리),개금대동아파트,개금동 566-51,진사로89번길 73,15,3,246,1999-04-22
10,공공주택(의무관리),개금롯데캐슬아파트,개금동 796,개금온정로 10,30,5,489,2010-11-12
11,공공주택(의무관리),개금반도보라,개금동 19-6,개금본동로 42,24,3,480,1994-03-07
12,공공주택(의무관리),개금성도아파트,개금동 10,개금본동로22번길 31,15,2,296,1992-02-13
13,공공주택(의무관리),개금시영아파트,"개금동 627-1,628-1,629-1",진사로61번길 29,5,17,629,1974-12-30
14,공공주택(의무관리),개금우드빌,개금동 1-7,백양대로208번길 144,20,8,980,1994-07-09
15,공공주택(의무관리),개금주공1단지,개금동 53-1,백양대로208번길 25,5,8,380,1987-01-20
16,공공주택(의무관리),개금주공2단지,개금동 53,백양관문로 7,15,18,2544,1988-06-30
17,공공주택(의무관리),개금한진,개금동 2-1,백양대로208번길 90,15,2,180,1992-07-30
18,공공주택(의무관리),개금현대I(아이),개금동 618-2,복지로 70,19,18,1424,2002-06-28
19,공공주택(의무관리),개금현대아파트,개금동 19-2,개금본동로 36,20,3,450,1992-12-30
20,공공주택(의무관리),고원아파트,개금동 산54-4,엄광로62번길 61,5,7,325,1986-03-05
21,공공주택(의무관리),금강펜테리움,개금동 875,가야대로 450,39,4,620,2018-02-27
22,공공주택(의무관리),동원화인패밀리타운,개금동 1-12,백양관문로77번길 55,25,5,894,1995-10-24
23,공공주택(의무관리),삼환아파트,개금동 1-4,백양대로208번길 133,15,3,240,1995-09-07
24,공공주택(의무관리),성원상떼뷰,개금동 197-5,개금온정로 5,22,1,231,2004-04-14
25,공공주택(의무관리),"신개금LG(1차,2차)","개금동 455,596",백양대로300번길 20,27,24,2510,1998-11-02
26,공공주택(의무관리),신개금우성아파트,개금동 57,백양대로208번길 38-9,15,4,360,1989-09-01
27,공공주택(의무관리),개금주공3단지,당감동 516,백양관문로 10,15,17,2716,1989-06-10
28,공공주택(의무관리),국제백양,당감동 791,백양관문로 104-1,15,11,1153,1995-01-21
29,공공주택(의무관리),국제프라자,당감동 792-3,백양관문로 101,25,1,298,1995-03-10
30,공공주택(의무관리),당감동원타워,당감동 515-1,동평로 18,18,5,240,1992-07-23
31,공공주택(의무관리),당감동일스위트,당감동 807-4,백양관문로 115,25,10,1090,2005-03-28
32,공공주택(의무관리),백양뜨란채(당감주공2단지),당감동 797,백양산로53번길 125,25,13,851,1999-07-21
33,공공주택(의무관리),백양푸른채(당감주공3단지),당감동 794,백양산로53번길 62,25,13,1116,1999-11-27
34,공공주택(의무관리),서면봄여름가을겨울,당감동 99-1,가야대로691번길 19,20,3,288,2015-12-18
35,공공주택(의무관리),서면2차봄여름가을겨울,당감동 1024,신천대로197번길 15,37,3,535,2019-04-16
36,공공주택(의무관리),서면삼익,"당감동 175-2,177-1,177-3,447-3,473-5",당감로 17,14,11,1074,1980-10-02
37,공공주택(의무관리),신가야벽산블루밍,당감동 128-2,마철로 98,30,4,436,2006-04-18
38,공공주택(의무관리),태우선파크,당감동 659-1,백양순환로35번길 43,22,1,214,1994-02-07
39,공공주택(의무관리),태화현대1차,당감동 109-1,가야대로 635-20,25,6,668,1996-01-05
40,공공주택(의무관리),태화현대2차,당감동 123,가야대로 635-13,25,9,820,1996-06-27
41,공공주택(의무관리),DS협성 엘리시안,범천동 1647,만리산로 11,28,7,630,2017-03-28
42,공공주택(의무관리),대우디오빌서면1,범천동 1057-2,가야대로 714,25,1,405,2004-10-15
43,공공주택(의무관리),대원아파트(1차),범천동 851-1,황령대로18번길 43,12,1,184,1984-06-12
44,공공주택(의무관리),대원아파트(2차),범천동 851-1,황령대로18번길 43,15,1,315,1986-11-22
45,공공주택(의무관리),서면항도타워,범천동 1256-2,신암로 72,24,1,188,1994-05-16
46,공공주택(의무관리),두산위브센티움,범천동 842-2,자유평화로37번길 67,32,1,289,2005-04-25
47,공공주택(의무관리),범천경남아파트,범천동 944-1,신암로 32,25,7,946,2003-05-13
48,공공주택(의무관리),서면e편한세상,범천동 1054,가야대로 702,37,4,623,2006-12-27
49,공공주택(의무관리),서면동일스위트,범천동 966-8,범천로12번길 8,36,1,292,2013-03-15
50,공공주택(의무관리),서면6차 봄여름가을겨울,범천동 881-3,중앙대로 582,20,3,266,2020-03-17
51,공공주택(의무관리),서면베르빌2,범천동 879-2,중앙대로 584,20,1,606,2004-08-18
52,공공주택(의무관리),서면유림노르웨이숲,범천동 865,신천대로 71,36,2,381,2014-06-05
53,공공주택(의무관리),가야누리애센트리즈,범천동 974-16,범천로 16,25,1,196,2020-05-08
54,공공주택(의무관리),서면3차 봄여름가을겨울,범천동 1650,가야대로 694,37,3,382,2020-06-05
55,공공주택(의무관리),풍림아이원,범천동 1643,범일로154번길 33,30,1,223,2012-05-29
56,공공주택(의무관리),당감뜨란채,부암동 725,백양산로 57,25,6,630,2005-08-28
57,공공주택(의무관리),메리움아파트,부암동 69-5,신천대로 246,28,2,260,1998-12-26
58,공공주택(의무관리),백양산삼정그린코아,부암동 657,용사촌로 52-16,15,1,215,2012-12-12
59,공공주택(의무관리),백양산쌍용스윗닷홈,부암동 720,백양산로 70,23,8,718,2004-12-17
60,공공주택(의무관리),백양산월드메르디앙,부암동 730,백양산로 36,26,5,315,2006-04-27
61,공공주택(의무관리),부산서면동문굿모닝힐,부암동 735,신천대로220번길 65,35,5,559,2011-09-27
62,공공주택(의무관리),서면동일파크스위트1차,부암동 736,동평로150번길 14,25,8,751,2014-11-27
63,공공주택(의무관리),서면동일파크스위트2차,부암동 739,동평로 128,20,5,243,2017-02-24
64,공공주택(의무관리),서면동일파크스위트3차,부암동 746,동평로 162,29,9,727,2017-06-30
65,공공주택(의무관리),서면럭키무지개,부암동 303-6,신천대로 283-1,15,2,294,1989-09-02
66,공공주택(의무관리),서면쌍용스윗닷홈스카이,부암동 63-3,시민공원로 11,40,3,544,2007-11-28
67,공공주택(의무관리),서면쌍용스윗닷홈파크,부암동 731,신천대로220번길 31,32,2,296,2007-07-20
68,공공주택(의무관리),일동미라주,부암동 9-3,동평로 218,27,5,294,2007-03-30
69,공공주택(의무관리),일성in4,부암동 55-6,신천대로 252,25,1,546,1997-12-08
70,공공주택(의무관리),진흥마제스타워(시승인),부암동 304-1 외 35필지,동평로 197,37,2,248,2008-11-20
71,공공주택(의무관리),타워베르빌,부암동 48-3,시민공원로19번길 65,43,1,566,2005-11-15
72,공공주택(의무관리),협성피닉스타운아파트,부암동 560-20,당감로 108,15,7,774,1993-12-10
73,공공주택(의무관리),협성휴포레 시티즌파크,부암동 751,동평로 173,30,4,389,2020-07-20
74,공공주택(의무관리),화승삼성아파트,부암동 500,당감로 79,25,20,1812,1997-03-29
75,공공주택(의무관리),네오스포아파트,부전동 450,신천대로 122,27,1,783,1999-12-09
76,공공주택(의무관리),서면더샵센트럴스타,부전동 537-9,중앙대로666번길 50,58,5,1360,2011-06-17
77,공공주택(의무관리),삼한골든뷰센트럴파크,범전동 450,중앙대로 821,58,3,1272,2019-05-03
78,공공주택(의무관리),한솔폴라리스,부전동 505-6,가야대로 754,20,1,358,2005-05-20
79,공공주택(의무관리),대원칸타빌멤버스,양정동 525,거제대로 26,43,6,840,2006-08-29
80,공공주택(의무관리),양정롯데갤러리움,양정동 273-1,중앙대로969번길 11,30,1,268,2006-04-27
81,공공주택(의무관리),양정백조아파트,양정동 406-4,동평로 409,10,3,190,1983-12-30
82,공공주택(의무관리),양정삼성타워,양정동 350-3,양지로5번길 60,15,1,150,2000-11-14
83,공공주택(의무관리),양정현대1차,양정동 458-5,동평로 352,25,13,1733,1997-11-15
84,공공주택(의무관리),양정현대2차,양정동 458-20,거제대로 37,25,15,1901,1998-07-15
85,공공주택(의무관리),양정이즈카운티,양정동 367-14,양지로14번길 24,24,4,276,2020-07-14
86,공공주택(의무관리),세동한신,연지동 353-1,새싹로 183,25,5,789,1995-12-27
87,공공주택(의무관리),연지경동,연지동 381,초연로21번길 102,20,4,176,2005-05-31
88,공공주택(의무관리),연지유림노르웨이숲,연지동 1-6,성지로62번길 8,23,3,191,2006-04-26
89,공공주택(의무관리),연지자이1차,연지동 403,동평로183번길 67,20,8,547,2007-12-28
90,공공주택(의무관리),연지자이2차,연지동 406,초연로 11,23,13,1011,2011-12-02
91,공공주택(의무관리),연지청구1차,연지동 1,성지로62번길 10,24,5,451,2000-07-19
92,공공주택(의무관리),연지청구2차,연지동 23-17,동평로291번길 30-17,25,3,554,2002-09-05
93,공공주택(의무관리),연지한신타워,연지동 322,성지로61번길 30,24,7,350,1994-01-14
94,공공주택(의무관리),연지화인아파트,연지동 50-6,동평로291번길 30,25,4,654,1996-08-14
95,공공주택(의무관리),연지 에코팰리스,연지동 41-4,동평로 281,27,1,156,2020-05-29
96,공공주택(의무관리),서면노르웨이아침,전포동 892-21,동천로 10-1,27,1,548,2004-10-01
97,공공주택(의무관리),서면대우디오빌2,전포동 181-1,전포대로 274,30,1,751,2005-05-26
98,공공주택(의무관리),서면롯데캐슬스카이,전포동 587,전포대로275번길 20,38,9,1395,2004-12-18
99,공공주택(의무관리),서면쌍용플래티넘,전포동 683-11,동천로 70,19,1,432,2004-08-26
100,공공주택(의무관리),서면한신아파트,전포동 33-9,전포대로 294,25,5,705,1997-09-13
101,공공주택(의무관리),세종그랑시아,전포동 880-1,전포대로171번길 12,35,2,295,2009-10-19
102,공공주택(의무관리),양정메트로하이츠,전포동 9,진남로 477,25,4,258,2006-05-30
103,공공주택(의무관리),에메랄드홈,전포동 876-4,중앙대로 786,28,2,241,2006-07-03
104,공공주택(의무관리),전포대동파크맨션,전포동 190-25,진남로356번길 122,15,1,173,2000-04-01
105,공공주택(의무관리),전포시영아파트,전포동 326,진남로 336,5,8,400,1978-09-07
106,공공주택(의무관리),전포화신아파트,전포동 191-661,진남로356번길 90,15,2,268,1993-02-23
107,공공주택(의무관리),한라비발디,전포동 362-64,전포대로 156,35,2,511,2005-08-26
108,공공주택(의무관리),한웅인터빌,전포동 362-62,전포대로 162,19,1,402,2004-06-21
109,공공주택(의무관리),선경성지곡,초읍동 271-4,새싹로 221,15,7,314,1982-06-17
110,공공주택(의무관리),성지곡삼환,초읍동 360-1,성지곡로 67,12,3,230,2002-02-08
111,공공주택(의무관리),초읍대우아파트,초읍동 508,성지로94번길 85,23,3,363,2000-12-19
112,공공주택(의무관리),초읍대진아파트,초읍동 322-1,성지곡로 60,10,2,160,1992-07-30
113,공공주택(의무관리),초읍우신그린피아,초읍동 505,성지로114번길 66,22,1,190,2000-04-26
114,공공주택(의무관리),초읍한신아파트,초읍동 365,월드컵대로 449,23,1,318,1996-04-06
115,공공주택(의무관리),혜도인파크에비뉴연지,초읍동 671,새싹로 229,29,2,160,2018-02-21
116,공공주택(의무관리),개금역스마트W,개금동 451-12,가야대로 411,15,1,224,2016-10-31
117,공공주택(의무관리),범내골역 한라비발디STUDIO,범천동 1000-24,범천로 22,25,1,150,2013-09-13
118,공공주택(의무관리),범일역 이즈,범천동 886-41,범일로131번길 46,20,2,186,2019-07-24
119,공공주택(의무관리),양정퀸즈팰리스아파트,양정동 397-1,거제대로48번길 20,18,2,187,2017-03-31
120,공공주택(의무관리),몽뜨레,전포동 693-2,전포대로189번길 30,14,1,264,2013-12-26
121,공공주택(의무관리),삼정코아,전포동 878-26,동천로 134,15,1,215,2004-01-27
122,공공주택(의무관리),도개공영구임대아파트,개금동1-1,백양관문로77번길 145,15,6,990,1994-07-09
123,공공주택(의무관리),당감주공1단지(임대),당감동 797,백양산로53번길 125,25,3,383,1999-06-20
124,공공주택(의무관리),범천LH(임대주택),범천동 1644,신암로 66,37,2,533,2013-05-16
125,공공주택(의무관리),전포LH아파트,전포동 897,부산진구 중앙대로 862,28,2,794,2016-11-25
126,공공주택(의무관리),부산전포동사랑으로부영,전포동 903,동성로 82,24,8,500,2018-11-30
127,공공주택(의무관리),대동레미안 센트럴시티5,범천동 849-2,범일로192번길 10,20,1,187,
128,공동주택(임의관리),신우아파트(신우국민주택),"부암3동596-3,596-1",부암당산로 19,5,1,48,
129,공동주택(임의관리),서면,범전동263-5,범전로33번길 62-7,6,1,25,1974-08-28
130,공동주택(임의관리),동평상가,당감1동312-1,동평로95번길 16,5,1,47,1975-05-02
131,공동주택(임의관리),평화아파트,범천1동737-7,범일로153번길 17,5,2,69,1975-08-02
132,공동주택(임의관리),골든맨션,범천1동842-10,중앙번영로 22,5,1,25,1976-04-03
133,공동주택(임의관리),삼부본동,부암1동39-1,시민공원로19번길 80,5,2,56,1976-07-02
134,공동주택(임의관리),문화아파트,부암동 98-8,시민공원로 38,5,1,40,1976-09-14
135,공동주택(임의관리),성암아파트,부암1동80-8,시민공원로19번길 38,5,5,146,1976-10-16
136,공동주택(임의관리),서면아파트,전포4동 산99-46,진남로435번길 47,5,1,50,1976-11-08
137,공동주택(임의관리),서포아파트,전포2동 192-14,서전로57번길 42,5,1,50,1976-11-08
138,공동주택(임의관리),성지파크,초읍동134-5,초읍천로77번길 31,5,2,50,1977-02-25
139,공동주택(임의관리),부전점포아파트,부전동 573-26외31필지,중앙대로783번길 23,3,2,59,1977-11-22
140,공동주택(임의관리),중앙맨션,범천1동841-303,자유평화로37번길 45-8,8,1,33,1977-12-16
141,공동주택(임의관리),대성아파트,전포1동684-5,전포대로209번길 33,5,1,28,1978-02-25
142,공동주택(임의관리),삼익아파트,연지동376-8,새싹로 145,12,2,144,1978-03-02
143,공동주택(임의관리),신양맨션,개금1동613-1,진사로 27,5,4,170,1979-04-02
144,공동주택(임의관리),일산아파트,전포1동317-40,진남로356번길16,5,2,87,1979-06-27
145,공동주택(임의관리),성지맨션,초읍동225,성지로51번길 60,3,1,36,1979-12-11
146,공동주택(임의관리),태림맨션,개금1동산52-6,엄광로44번길 21,5,5,122,1979-12-31
147,공동주택(임의관리),성림맨션,초읍동268-1,성지로153본갈 148,5,3,50,1980-02-05
148,공동주택(임의관리),삼부로얄,부암1동80-6,시민공원로19번길 54,5,2,50,1980-07-05
149,공동주택(임의관리),대원주택,연지동15-1,동평로291번길 64-5,2,1,28,1980-08-08
150,공동주택(임의관리),태림맨션,초읍동293-6,초읍천로108번길 20,5,2,48,1980-12-05
151,공동주택(임의관리),영화주택,개금1동135-4,가야대로507번가길 18,5,1,40,1980-12-19
152,공동주택(임의관리),진일,가야2동634-1,냉정로253번길 11,5,1,45,1980-12-19
153,공동주택(임의관리),동원본동,당감3동479-8,백양대로136번길 76-13,5,1,45,1980-12-20
154,공동주택(임의관리),서면백양,당감1동479-6,백양대로136번길 76-15,5,1,40,1980-12-29
155,공동주택(임의관리),장미아파트,부암1동35-6,시민공원로19번길 72,5,1,30,1981-04-30
156,공동주택(임의관리),삼우아파트,가야2동160,가야공원로14번길 18,5,1,45,1981-08-01
157,공동주택(임의관리),우진아파트,개금3동424-9,개금본동로9번길 77,5,1,32,1981-08-12
158,공동주택(임의관리),동원아파트,당감3동486,백양대로136번길 80,5,2,125,1981-09-25
159,공동주택(임의관리),서면로얄,범천4동1127,엄광로 394,5,4,159,1981-12-07
160,공동주택(임의관리),서면무궁화,"당감3동479-2,495-9",당감로17번길 90,5,16,594,1981-12-18
161,공동주택(임의관리),진일아파트,개금3동410,개금본동로66번길 28,5,1,30,1982-01-18
162,공동주택(임의관리),한우아파트,전포1동339-2,서전로58번길 65,5,1,29,1982-02-26
163,공동주택(임의관리),보광맨션,가야2동611,가야공원로38번길 23,5,1,24,1982-06-11
164,공동주택(임의관리),대명,전포동33-371,전포대로276번길 50,3,1,24,1983-01-10
165,공동주택(임의관리),초원아파트,양정1동463-1,동평로 329-1,5,1,20,1983-03-21
166,공동주택(임의관리),보광맨션,가야2동617-8,냉정로 261,5,2,40,1983-05-07
167,공동주택(임의관리),한일맨션,"초읍동215-22,544-17",성지로 82,5,3,175,1983-07-16
168,공동주택(임의관리),대산아파트,전포1동327-84,진남로356번길 30,5,1,49,1983-07-18
169,공동주택(임의관리),부원아파트,양정2동406-6,중앙대로941번길 11,6,1,78,1983-12-19
170,공동주택(임의관리),협성아파트,부암동289-42,백양대로34번길 39,5,1,70,1984-02-01
171,공동주택(임의관리),무궁화3차,당감3동480-12,당감서로 21,5,3,60,1984-02-09
172,공동주택(임의관리),우영,전포1동327-22,진남로356번길 22,5,1,45,1984-03-05
173,공동주택(임의관리),범천철도,범천2동1252-70,신암로 83번길 13,5,1,50,1984-03-09
174,공동주택(임의관리),하나로맨션,범천2동1284-7,만리산로 46,6,3,102,1984-03-09
175,공동주택(임의관리),동원아파트,부암1동315-64,동평로181번길 29-17,3,1,25,1984-05-04
176,공동주택(임의관리),일동대영,연지동172,동평로229번길 5,15,1,123,1984-05-24
177,공동주택(임의관리),대진아파트,전포3동328-4,진남로328번길 24,5,1,20,1984-05-29
178,공동주택(임의관리),동원아파트,부암1동319,동평로181번길 29-17,5,7,242,1984-08-16
179,공동주택(임의관리),금호천지,부암3동380-7,동평로119번길 59,5,1,49,1984-11-13
180,공동주택(임의관리),산호아파트,양정2동271-2,연수로 29,5,5,156,1985-03-04
181,공동주택(임의관리),이화맨션,가야3동459-16,엄광로 166,5,3,125,1985-05-18
182,공동주택(임의관리),한림빌라,부암3동452-35,백양순환로123번길 30,5,1,48,1985-06-03
183,공동주택(임의관리),해운,가야3동산32-1,엄광로 159,5,4,185,1985-06-29
184,공동주택(임의관리),일산,가야2동611-5,가야대로510번길 78,5,5,264,1985-09-10
185,공동주택(임의관리),마마맨션,가야2동599-5,가야공원로 36,5,1,48,1985-09-16
186,공동주택(임의관리),동원맨션,가야2동657-50,엄광로 70,5,9,224,1985-09-16
187,공동주택(임의관리),협성맨션,개금1동492-10,가야대로 432,6,2,84,1985-12-16
188,공동주택(임의관리),로얄아파트,연지동198-1,국악로 5,5,8,260,1986-01-15
189,공동주택(임의관리),협동,범천2동1287-2,신암로39번길 32,5,1,34,1986-08-19
190,공동주택(임의관리),새영진,가야1동5-56,가야대로668번가길 9,5,2,48,1986-08-20
191,공동주택(임의관리),삼성,당감4동770,당감서로 112,5,3,144,1986-09-12
192,공동주택(임의관리),부암미주공동,부암1동332-6,동평로131번길 8,6,3,198,1986-09-13
193,공동주택(임의관리),한일하나로,가야2동648,가야공원로38번길 81,5,4,150,1987-03-20
194,공동주택(임의관리),철도,개금3동281-5,개금온정로28번길 6,5,1,25,1987-07-22
195,공동주택(임의관리),한일하나로,초읍동182-3,성지로114번길 14,5,2,30,1987-11-03
196,공동주택(임의관리),백산,당감4동768-1,백양순환로 51,5,5,248,1988-05-11
197,공동주택(임의관리),영진,가야1동5-44,가야대로668번가길 28,6,2,65,1991-01-10
198,공동주택(임의관리),남산주택,부암1동320-66,동평로131번길 67,4,8,100,1991-09-06
199,공동주택(임의관리),진성,가야2동664-4,가야대로482번길 86,15,1,102,1991-10-30
200,공동주택(임의관리),조일그랜져,범천4동1119-94,신암로155번가길 4,15,1,90,1991-12-05
201,공동주택(임의관리),협성아파트,전포동191-464,진남로356번길 51,6,2,108,1993-01-27
202,공동주택(임의관리),성림맨션,범천2동1284-1,신암로 51-6,15,1,138,1993-06-19
203,공동주택(임의관리),화신거화아파트,전포2동191-3,진남로 388,15,1,115,1993-06-24
204,공동주택(임의관리),세인한아름,범천2동1252-125,만리산로 67,14,1,76,1994-03-16
205,공동주택(임의관리),초읍그린아파트,초읍동540-11,성지로114번길 48,14,1,73,1994-04-28
206,공동주택(임의관리),화신거화(2차),전포동191-236,진남로356번길 78,6,1,32,1995-05-27
207,공동주택(임의관리),창신그린힐,초읍동402-1,성지로114번길 59,14,1,104,2000-08-07
208,공동주택(임의관리),대림파크빌,초읍동349,성지곡로16번길 11,10,2,60,2000-11-29
209,공동주택(임의관리),새롬하이빌,범천2동1287-1,신암로39번길 4,13,1,92,2003-06-16
210,공동주택(임의관리),동아아파트,가야2동 159,가야공원로14번길 8,14,1,41,2003-10-13
211,공동주택(임의관리),솔내음 파미유,부암3동 601-28,부암당산로21번길 48,15,1,139,2004-09-10
212,공동주택(임의관리),초읍동삼정그린코아,초읍동 670,월드컵대로467번길 41,11,1,49,2011-11-28
213,공동주택(임의관리),가야삼한사랑채,가야동 48-274,엄광로 286,9,3,116,2012-07-26
214,공동주택(임의관리),연지봉황,연지동179-1,동평로223번길50,5,3,85,1986-06-25
215,공동주택(임의관리),한울트라움아파트,당감동1023-0,백양순환로36,10,1,71,2015-10-13
216,공동주택(임의관리),골든 팰리스 더 리치,범천동974-2,범천로12번길13,15,1,102,2019-06-24
217,공동주택(임의관리),초읍 우신아파트,초읍동269-8,새싹로196-1,5,1,40,1985-12-26
218,공동주택(임의관리),대림아파트,초읍동349-0,성지곡로16번길11,10,1,60,2000-11-29
219,공동주택(임의관리),초읍 포레스타 아파트,초읍동519-5,성지로74번나길56,9,1,28,2017-07-10
220,공동주택(임의관리),서면동원맨션,범전동9-151,양성로23,5,1,133,1982-10-18
221,공동주택(임의관리),일산아파트,전포동317-40,진남로356번길16,5,1,49,1981-11-26
222,공동주택(임의관리),동평하우스,양정동238-3,진연로9번길5,6,1,20,2010-12-31
223,공동주택(임의관리),범내골역 이즈팰리스,범천동854-2,황령대로18번길22,18,1,101,2017-05-23
224,공동주택(임의관리),한일유앤아이,전포동890-1,전포대로171번길13,15,1,178,2006-09-26
225,공동주택(임의관리),협성그린피아아파트,전포동191-464,진남로356번길51,6,1,108,1993-01-27
226,공동주택(임의관리),초읍하나로연립주택,초읍동513-30,성지로94번길133-4,6,1,114,1993-04-28
227,공동주택(임의관리),양정미니아파트,양정동365-3,양지로14번길15,3,1,24,1978-12-22
228,공동주택(임의관리),국민아파트,가야동385-0,엄광로263-6,5,1,130,1976-04-28
229,공동주택(임의관리),부산시영아파트,"범전동329-15,43-4",범양로6,6,1,20,1986-10-29
230,공동주택(임의관리),일성인포아파트,부암동 55-6,신천대로 252,25,1,546,2021-11-19
231,공동주택(임의관리),DM오피스텔,개금동 540-118,복지로47번길 18-4,5,1,8,2021-12-02
232,공동주택(임의관리),라온하제,당감동 700,백양순환로28번길 41,5,2,35,2022-02-11
233,공동주택(임의관리),초읍 따로또 같이주택,초읍동 353-1,성지곡로33번길 15,6,1,27,2022-01-27
234,공동주택(임의관리),위드에코하임 오피스텔,양정동 139-22 외4필지,,13,1,23,2022-05-11
235,공동주택(임의관리),초읍동 다세대주택,초읍동 513-44 외1필지,성지로94번길 133-11,7,2,16,2021-11-04
236,공동주택(임의관리),개금미네스트,개금동 424-6,개금본동로9번길 69,15,1,36,2021-08-11
237,공동주택(임의관리),서면스위트엠골드에비뉴아파트,범천동 847-2,범일로158,27,4,225,2022-05-20
238,공동주택(임의관리),서면 지원 더 뷰 파크,부암동 80-7,새싹로 99,39,1,216,2021-07-08
239,도시형 생활주택(임의관리),에버그린,부산진구 양정동 355-1,양지로11번길 40,5,1,20,2012-02-08
240,도시형 생활주택(임의관리),프라다빌,부산진구 양정동 143-4,중앙대로970번가길 29,5,1,20,2012-01-13
241,도시형 생활주택(임의관리),스위트하우스,부산진구 양정동 399-3,거제대로36번길가길 13,6,1,20,2012-01-27
242,도시형 생활주택(임의관리),가우디움,부산진구 양정동 355-45,중앙대로910번길 28,5,1,20,2012-02-09
243,도시형 생활주택(임의관리),솔리드,부산진구 개금동 171-87,복지로13번길 67-6,6,1,20,2012-02-16
244,도시형 생활주택(임의관리),양정 해광빌리지,부산진구 양정동 213-3 외2필지,중앙대로969번길 12-12,8,1,28,2012-02-17
245,도시형 생활주택(임의관리),정원빌딩,부산진구 전포동 687-17,전포대로209번길 19,6,1,20,2012-02-28
246,도시형 생활주택(임의관리),블루오션2,부산진구 양정동 168,중앙대로989번길 21,6,1,24,2012-03-02
247,도시형 생활주택(임의관리),세경월드빌,부산진구 전포동 312-22,서전로58번길 60,7,1,20,2012-03-15
248,도시형 생활주택(임의관리),푸른마을,부산진구 가야동 226-6 외3필지,가야대로572번가길 26,8,1,29,2012-04-03
249,도시형 생활주택(임의관리),드림하우스,부산진구 양정동 260-8,중앙대로979번길 45,5,1,24,2012-04-12
250,도시형 생활주택(임의관리),골든파라다이스,부산진구 양정동 139-11,중앙대로970번가길 6,6,1,24,2012-04-24
251,도시형 생활주택(임의관리),베스트빌,부산진구 개금동 177-128,가야대로454번길 29,6,1,25,2012-04-26
252,도시형 생활주택(임의관리),세원하이츠,부산진구 부암동 80-92,시민공원로19번길 22-9,6,1,24,2012-04-30
253,도시형 생활주택(임의관리),펜트하우스,부산진구 개금동 177-34,가야대로468번길 19,7,1,20,2012-05-23
254,도시형 생활주택(임의관리),골든캐슬,부산진구 양정동 140-26 외1필지,중앙대로970번가길 12-5,7,1,28,2012-05-23
255,도시형 생활주택(임의관리),서면타크빌,부산진구 전포동 648,서전로37번길 46,12,1,40,2012-06-05
256,도시형 생활주택(임의관리),대성문퀸즈더블유,부산진구 양정동 276-2,동평로405번길 69,15,1,70,2012-06-12
257,도시형 생활주택(임의관리),더피렌체,부산진구 부전동 424-4,가야대로747번길 15,7,1,20,2012-06-27
258,도시형 생활주택(임의관리),그린하우스,부산진구 개금동 527-88,가야대로424번길 75-4,6,1,20,2012-06-29
259,도시형 생활주택(임의관리),해오름,부산진구 개금동 616-5,가야대로424번길 87,7,1,28,2012-06-29
260,도시형 생활주택(임의관리),파란채원룸,부산진구 개금동 419-8 외3필지,개금본동로17번길 67,5,1,26,2012-07-02
261,도시형 생활주택(임의관리),아이린,부산진구 연지동 354-2,동평로183번길 86-3,6,1,20,2012-07-10
262,도시형 생활주택(임의관리),정원스카이4차,부산진구 전포동 201-24,동성로87번길 34,6,1,20,2012-07-17
263,도시형 생활주택(임의관리),동경에이스,부산진구 가야동 551-12 외2필지,가야대로548번길 106,10,1,28,2012-08-02
264,도시형 생활주택(임의관리),목화파크빌,부산진구 부전동 414-22,부전로111번길 22-4,8,1,29,2012-08-03
265,도시형 생활주택(임의관리),서면센트리움,부산진구 부암동 121-9,신천대로220번길 15,10,1,32,2012-08-06
266,도시형 생활주택(임의관리),스카이빌,부산진구 개금동 177-408,가야대로454번길 43,7,1,20,2012-08-30
267,도시형 생활주택(임의관리),,부산진구 전포동 146-18,전포대로306번길 26,7,1,20,2012-09-05
268,도시형 생활주택(임의관리),하모니하우스,부산진구 개금동 177-80,가야대로468번길 34,6,1,20,2012-09-17
269,도시형 생활주택(임의관리),부광드림빌,부산진구 양정동 345-7,양지로11번길 48,6,1,20,2012-09-18
270,도시형 생활주택(임의관리),노블레스,부산진구 개금동 177-163,냉정로 197-7,6,1,20,2012-09-20
271,도시형 생활주택(임의관리),세르빌,부산진구 개금동 523-37,복지로21번길 13-5,7,1,20,2012-10-02
272,도시형 생활주택(임의관리),화이트빌,부산진구 부전동 410-1,가야대로755번길 67-5,7,1,20,2012-10-18
273,도시형 생활주택(임의관리),중앙엘리시안,부산진구 양정동 331-11,연수로11번길 11,6,1,24,2012-10-29
274,도시형 생활주택(임의관리),강동,부산진구 개금동 177-81,복지로21번길 51,7,1,21,2012-11-01
275,도시형 생활주택(임의관리),성우빌,부산진구 부전동 456-4 외1필지,신천대로162번길 113,10,1,29,2012-11-07
276,도시형 생활주택(임의관리),태림빌,부산진구 개금동 540-222 외1필지,엄광로44번길 17-14,5,1,20,2012-11-09
277,도시형 생활주택(임의관리),휴먼스빌,부산진구 개금동 177-175,냉정로 189-4,7,1,20,2012-11-12
278,도시형 생활주택(임의관리),대경빌,부산진구 양정동 116-26,양연로6번길 20,6,1,28,2012-11-15
279,도시형 생활주택(임의관리),마이크로하우스,부산진구 가야동 644-25 외1필지,냉정로 248,7,1,28,2012-11-19
280,도시형 생활주택(임의관리),스마이하우스,부산진구 개금동 177-79,가야대로468번길 32,6,1,20,2012-11-20
281,도시형 생활주택(임의관리),신화타워,부산진구 개금동 177-162,복지로21번길 20-6,6,1,22,2012-11-20
282,도시형 생활주택(임의관리),드림하이,부산진구 개금동 177-156,냉정로 197-6,7,1,20,2012-11-23
283,도시형 생활주택(임의관리),서면블리체,부산진구 부전동 514-8 외1필지,가야대로750번길 71,10,1,134,2012-11-29
284,도시형 생활주택(임의관리),더블하우스,부산진구 개금동 177-39,복지로13번길 60-9,6,1,20,2012-12-03
285,도시형 생활주택(임의관리),시티파크,부산진구 개금동 523-3 외1필지,복지로21번길 6,15,1,44,2012-12-05
286,도시형 생활주택(임의관리),서면앙주빌주상복합,부산진구 전포동 171-2,전포대로 282,19,1,138,2012-12-10
287,도시형 생활주택(임의관리),강남럭스빌2,부산진구 양정동 354-22 외1필지,양지로11번길 23,6,1,20,2012-12-14
288,도시형 생활주택(임의관리),제나두,부산진구 양정동 236-3 외1필지,진연로 9,8,1,24,2012-12-20
289,도시형 생활주택(임의관리),로얄캐슬,부산진구 전포동 667-20,동천로108번길 18,10,1,80,2012-12-26
290,도시형 생활주택(임의관리),골든팰리스,부산진구 개금동 177-332,가야대로454번길 17,10,1,28,2013-01-03
291,도시형 생활주택(임의관리),그린빌,부산진구 개금동 177-213,복지로13번길 18-5,7,1,20,2013-01-04
292,도시형 생활주택(임의관리),힐튼빌,부산진구 개금동 523-36,복지로21번길 13-7,6,1,20,2013-01-04
293,도시형 생활주택(임의관리),보금자리,부산진구 부전동 125-3,중앙대로756번길 18-8,8,1,20,2013-01-04
294,도시형 생활주택(임의관리),정원스카이힐,부산진구 양정동 138-7,연제로9번길 53,7,1,20,2013-01-09
295,도시형 생활주택(임의관리),스위트빌,부산진구 부전동 474-50,부전로 102-9,7,1,24,2013-01-14
296,도시형 생활주택(임의관리),부일마이우스서면,부산진구 부전동 510-3 외3필지,가야대로750번길 20,8,1,20,2013-01-29
297,도시형 생활주택(임의관리),은하수빌,부산진구 부전동 109-11,중앙대로756번길 18-9,7,1,24,2013-01-30
298,도시형 생활주택(임의관리),은하스빌,부산진구 부전동 109-8 외1필지,중앙대로756번길 18-7,7,1,24,2013-01-30
299,도시형 생활주택(임의관리),이룸하우스,부산진구 부전동 466-23 외1필지,가야대로755번길 8,7,1,28,2013-01-31
300,도시형 생활주택(임의관리),트라움,부산진구 전포동 591-1,전포대로275번길 13,14,1,24,2013-02-01
301,도시형 생활주택(임의관리),프라임,부산진구 개금동 177-428,복지로21번길 19-5,7,1,20,2013-02-04
302,도시형 생활주택(임의관리),프라다,부산진구 개금동 177-286,복지로21번길 19-7,7,1,20,2013-02-04
303,도시형 생활주택(임의관리),남강스카이,부산진구 양정동 272-3 외1필지,중앙대로 962-4,6,1,20,2013-02-08
304,도시형 생활주택(임의관리),,부산진구 가야동 444-31 외1필지,대학로46번길 39,6,1,20,2013-02-14
305,도시형 생활주택(임의관리),참조은빌,부산진구 부전동 513-26,가야대로750번길 47,7,1,20,2013-02-20
306,도시형 생활주택(임의관리),유나더블루,부산진구 개금동 177-397,가야대로454번길 28,6,1,20,2013-02-22
307,도시형 생활주택(임의관리),,부산진구 가야동 343-24 외1필지,대학로 38-5,7,1,20,2013-02-25
308,도시형 생활주택(임의관리),양정이즈팰리스,부산진구 양정동 272-9,연수로11번길 21,15,1,70,2013-03-08
309,도시형 생활주택(임의관리),대성드림빌1,부산진구 전포동 693-11,서전로38번길 86,8,1,20,2013-03-11
310,도시형 생활주택(임의관리),강진융프라우,부산진구 범천동 871-1,중앙대로621번길 25,10,1,128,2013-03-25
311,도시형 생활주택(임의관리),유림사랑채,부산진구 양정동 355-28,양지로17번길 33,6,1,24,2013-03-27
312,도시형 생활주택(임의관리),피렌체,부산진구 양정동 319-1,중앙대로941번길 43,12,1,39,2013-03-29
313,도시형 생활주택(임의관리),다조은빌,부산진구 양정동 252-3,중앙대로989번길 59,6,1,24,2013-04-02
314,도시형 생활주택(임의관리),디 아너스,부산진구 개금동 177-212,복지로21번길 21,7,1,24,2013-04-10
315,도시형 생활주택(임의관리),스마트웰가,부산진구 개금동 177-204,가야대로454번길 45,7,1,28,2013-04-15
316,도시형 생활주택(임의관리),레인보우,부산진구 개금동 177-389,냉정로 189-12,8,1,20,2013-05-02
317,도시형 생활주택(임의관리),생활공간마누,부산진구 부전동 384-20,신천대로126번길 44,8,1,20,2013-05-08
318,도시형 생활주택(임의관리),강산힐타워,부산진구 개금동 177-340 외1필지,복지로13번길 18-6,6,1,22,2013-05-08
319,도시형 생활주택(임의관리),산타젤로,부산진구 전포동 356-23,서전로58번길 117,6,1,20,2013-05-24
320,도시형 생활주택(임의관리),월드파크빌,부산진구 양정동 331-6,연수로11번길 9,6,1,20,2013-05-24
321,도시형 생활주택(임의관리),,부산진구 전포동 373-17,전포대로132번길 17,7,1,24,2013-06-12
322,도시형 생활주택(임의관리),더휴캐슬스카이,부산진구 전포동 662-16,동천로108번길 23,7,1,20,2013-06-20
323,도시형 생활주택(임의관리),더휴캐슬마운트,부산진구 전포동 662-15,서전로37번길 17,7,1,20,2013-06-20
324,도시형 생활주택(임의관리),더휴캐슬랜드,부산진구 전포동 662-17,동천로108번길 21,7,1,23,2013-06-20
325,도시형 생활주택(임의관리),더휴캐슬리버,부산진구 전포동 662-1,서전로37번길 17-1,7,1,23,2013-06-20
326,도시형 생활주택(임의관리),,부산진구 범천동 1215-46 외2필지,범천동 1215-46,9,1,28,2013-06-21
327,도시형 생활주택(임의관리),폴더윈하이츠,부산진구 범천동 1115 외2필지,신암로155번길 11,11,1,39,2013-06-27
328,도시형 생활주택(임의관리),프로그캐슬,부산진구 부전동 466-3,가야대로755번길 14,10,1,28,2013-07-05
329,도시형 생활주택(임의관리),세경더뷰,부산진구 전포동 693-1,서전로38번길 82-3,7,1,20,2013-07-12
330,도시형 생활주택(임의관리),미즈에스,부산진구 개금동 523-34,복지로21번길 1,8,1,20,2013-07-19
331,도시형 생활주택(임의관리),,부산진구 부암동 80-59,시민공원로19번길 22-13,7,1,24,2013-07-19
332,도시형 생활주택(임의관리),스카이빌,부산진구 부전동 414-1,가야대로755번길 55-7,9,1,20,2013-07-30
333,도시형 생활주택(임의관리),다사랑빌1,부산진구 범천동 869-19,신천대로65번길 35,9,1,20,2013-08-14
334,도시형 생활주택(임의관리),다사랑빌2,부산진구 범천동 869-34,중앙대로621번길 14-11,9,1,20,2013-08-16
335,도시형 생활주택(임의관리),블루스카이,부산진구 전포동 355-42,동성로25번길 38,6,1,28,2013-08-22
336,도시형 생활주택(임의관리),,부산진구 개금동 502-9 외3필지,복지로8번길 6,12,1,40,2013-09-12
337,도시형 생활주택(임의관리),,부산진구 전포동 347-26 외1필지,전포동 347-26,7,1,20,2013-10-23
338,도시형 생활주택(임의관리),월드빌리지,부산진구 양정동 255-9,거제천로40번길 9,6,1,24,2013-11-07
339,도시형 생활주택(임의관리),제이드,부산진구 양정동 238-2,진연로 7,10,1,20,2013-11-08
340,도시형 생활주택(임의관리),"메종 해, 달, 별",부산진구 양정동 386-14,거제대로60번길 15,8,1,29,2013-11-08
341,도시형 생활주택(임의관리),,부산진구 전포동 355-9 외1필지,전포동 355-9,7,1,24,2013-11-14
342,도시형 생활주택(임의관리),동화마을,부산진구 부전동 415-15,서면문화로53번길 53,9,1,20,2013-11-20
343,도시형 생활주택(임의관리),동성하늘채,부산진구 전포동 363-3 외1필지,동성로15번길 35,6,1,20,2013-11-20
344,도시형 생활주택(임의관리),,부산진구 부전동 414-33,가야대로755번길 55-3,9,1,20,2013-11-21
345,도시형 생활주택(임의관리),수목하우스,부산진구 전포동 649-3,서전로37번길 40,10,1,28,2013-12-17
346,도시형 생활주택(임의관리),수목하우스,부산진구 전포동 649-6,전포대로255번길 24,8,1,20,2013-12-24
347,도시형 생활주택(임의관리),,부산진구 부전동 415-61,서면문화로53번길 57,10,1,21,2014-04-08
348,도시형 생활주택(임의관리),,부산진구 양정동 236-2,중앙대로989번길 28,10,1,28,2014-06-03
349,도시형 생활주택(임의관리),,부산진구 개금동 540-51,복지로 57,13,1,108,2014-08-01
350,도시형 생활주택(임의관리),,부산진구 양정동 262-1 외1필지,진연로9번길 48,6,1,20,2014-08-14
351,도시형 생활주택(임의관리),,부산진구 개금동 389-57,개금본동로66번길 2-3,5,1,24,2014-08-28
352,도시형 생활주택(임의관리),아이린,부산진구 연지동354-2,동평로183번길86-3,6,3,20,2012-07-10
353,도시형 생활주택(임의관리),유림팰리스,부산진구 양정동311-8,거제천로12,7,1,24,2017-02-10
354,도시형 생활주택(임의관리),뜨레빌 나동,부산진구 가야동524-1,가야공원로63번길45,4,1,28,2009-01-06
355,도시형 생활주택(임의관리),뜨레빌 가동,부산진구 가야동537-2,가야공원로63번길47,5,2,21,2009-01-06
356,도시형 생활주택(임의관리),조은빌,부산진구 가야동551-2,가야공원로63번길65,6,1,28,2009-12-21
357,도시형 생활주택(임의관리),양지코쿤빌23차,부산진구 개금동617-20,가야대로424번길91-1,6,1,23,2008-12-02
358,도시형 생활주택(임의관리),창화에이스빌,부산진구 가야동632-3,가야대로498번길26,5,1,24,2009-03-12
359,도시형 생활주택(임의관리),신송메르빌,부산진구 양정동370-6,거제대로60번길39-2,9,1,29,2011-10-24
360,도시형 생활주택(임의관리),월드하우스,부산진구 양정동273-36,거제천로18번길30,5,1,24,2009-11-12
361,도시형 생활주택(임의관리),태영아너스,부산진구 개금동171-51,냉정로221-5,10,1,56,2017-01-25
362,도시형 생활주택(임의관리),아너스카이저,부산진구 가야동617-21,냉정로257,8,1,24,2019-05-08
363,도시형 생활주택(임의관리),,부산진구 가야동444-22,대학로46번길38-5,5,1,20,2011-02-16
364,도시형 생활주택(임의관리),영원룸 A동,부산진구 가야동444-24,대학로46번길38-9,5,1,24,2011-03-07
365,도시형 생활주택(임의관리),다해미네스트,부산진구 연지동156-1,동평로223번길17-7,13,1,29,2017-03-09
366,도시형 생활주택(임의관리),힐링하우스,부산진구 양정동359-14,동평로397번길39,9,2,20,2017-02-10
367,도시형 생활주택(임의관리),수목하우스 B동,부산진구 양정동321-7,동평로397번길7,10,1,24,2017-08-14
368,도시형 생활주택(임의관리),강남포레,부산진구 개금동502-10,복지로8번길10,15,1,56,2017-11-23
369,도시형 생활주택(임의관리),성원더프라임아파트,부산진구 부전동424-2,부전로95번길33,15,1,76,2016-04-06
370,도시형 생활주택(임의관리),세경HUB센트럴시티,부산진구 전포동694-5,서전로38번길89,15,1,28,2018-03-13
371,도시형 생활주택(임의관리),서면팰리스,부산진구 전포동207-7,서전로58번길22,15,1,39,2016-04-08
372,도시형 생활주택(임의관리),연지센트럴파크,부산진구 연지동41-7,성지로8번길30,12,1,28,2018-01-18
373,도시형 생활주택(임의관리),린다비스타,부산진구 범천동1298-97,신암로5번길12,13,1,44,2016-06-01
374,도시형 생활주택(임의관리),큐브빌,부산진구 부암동669-31,신천대로220번길77-4,9,1,20,2017-07-28
375,도시형 생활주택(임의관리),한일원룸,부산진구 가야동464-104,엄광로182번길15-18,5,1,28,2011-02-16
376,도시형 생활주택(임의관리),정욱빌,부산진구 가야동414-2,엄광로202,4,1,20,2010-12-03
377,도시형 생활주택(임의관리),블루오션,부산진구 가야동361-280,엄광로248번길14,5,1,29,2011-03-15
378,도시형 생활주택(임의관리),더블루,부산진구 개금동540-236,엄광로36-7,13,1,121,2018-11-06
379,도시형 생활주택(임의관리),포세이돈,부산진구 양정동270-5,연수로11번길43,15,1,34,2016-04-11
380,도시형 생활주택(임의관리),양정원룸,부산진구 양정동144-4,연수로11번길58,6,1,24,2019-02-21
381,도시형 생활주택(임의관리),양정수목하우스,부산진구 양정동145-16,연수로11번길69,10,1,20,2016-09-05
382,도시형 생활주택(임의관리),동국에버리치,부산진구 양정동147-5,연수로11번길79,11,1,36,2015-12-09
383,도시형 생활주택(임의관리),양정퀸즈더블유에디션,부산진구 양정동271-9,연수로37,17,1,60,2019-01-23
384,도시형 생활주택(임의관리),동우 오필리아,부산진구 전포동558-0,전포대로300번길35,13,1,20,2017-07-21
385,도시형 생활주택(임의관리),하이츠빌,부산진구 양정동261-16,중앙대로969번길30-11,5,1,28,2011-04-18
386,도시형 생활주택(임의관리),대신리치,부산진구 양정동144-17,중앙대로970번가길7,5,1,20,2010-04-05
387,도시형 생활주택(임의관리),수목하우스,부산진구 양정동141-10,중앙대로980번길41,14,1,22,2017-07-18
388,도시형 생활주택(임의관리),노블레스,부산진구 양정동257-3,거제천로40번길8,6,1,24,2011-11-02
389,도시형 생활주택(임의관리),유림위너스,부산진구 양정동312-7,거제천로2,9,1,20,2017-04-25
390,도시형 생활주택(임의관리),서부주택,부산진구 부전동420-5,가야대로755번길35,8,1,20,2011-12-22
391,도시형 생활주택(임의관리),뉴월드빌,부산진구 양정동186-1,진연로9번길36,5,1,24,2011-12-05
392,도시형 생활주택(임의관리),세르빌,부산진구 개금동523-37,복지로21번길13-5,7,1,20,2012-10-02
393,도시형 생활주택(임의관리),스타파크,부산진구 범천동878-6,범일로169-1,20,1,55,2017-04-20
394,도시형 생활주택(임의관리),더원펠리스C동,부산진구 부전동408-19,가야대로755번길64-8,6,1,20,2011-06-24
395,도시형 생활주택(임의관리),개금코아팰리스,부산진구 개금동188-10,개금온정로6-1,15,1,46,2015-04-30
396,도시형 생활주택(임의관리),,부산진구 양정동313-13,거제천로7,6,1,28,2017-01-16
397,도시형 생활주택(임의관리),양지코쿤빌 24차,부산진구 개금동617-15,냉정로178번길30-5,6,1,24,2009-12-07
398,도시형 생활주택(임의관리),프리미엄안단테,부산진구 전포동644-1,동천로132번길42,14,1,36,2015-06-23
399,도시형 생활주택(임의관리),양정클래스원,부산진구 양정동386-3,동평로400,18,1,77,2016-12-16
400,도시형 생활주택(임의관리),범천동이즈팰리스,부산진구 범천동974-4,범천로12번길7,15,1,64,2016-12-28
401,도시형 생활주택(임의관리),대동레미안5,부산진구 개금동177-109,복지로21번길39-5,6,1,20,2014-02-11
402,도시형 생활주택(임의관리),영진파크,부산진구 전포동345-16,서전로58번길84,20,1,29,2019-01-11
403,도시형 생활주택(임의관리),수목하우스,부산진구 양정동343-3,양지로5번길77,15,1,24,2015-01-30
404,도시형 생활주택(임의관리),스윗팰리스,부산진구 전포동312-31,전포대로204,20,1,72,2018-05-21
405,도시형 생활주택(임의관리),블루스퀘어,부산진구 전포동306-10,전포대로224번길18,6,1,28,2014-01-22
406,도시형 생활주택(임의관리),스위트원룸,부산진구 전포동306-5,전포대로224번길22,8,1,24,2016-12-16
407,도시형 생활주택(임의관리),수정캐슬,부산진구 양정동272-2,중앙대로962-2,10,1,28,2014-01-27
408,도시형 생활주택(임의관리),다사랑빌,부산진구 양정동141-5,중앙대로980번길33,12,1,27,2016-09-07
409,도시형 생활주택(임의관리),,부산진구 양정동235-0,진연로9번길12,7,1,24,2014-02-24
410,도시형 생활주택(임의관리),유성해네스타워,부산진구 전포동362-3,전포대로170,22,1,126,2014-03-21
411,도시형 생활주택(임의관리),토포필리아,부산진구 전포동643-0,서전로47번길47,13,1,122,2011-01-19
412,도시형 생활주택(임의관리),영원렉스빌,부산진구 전포동355-10,서전로58번길107,7,1,24,2013-11-14
413,도시형 생활주택(임의관리),평광우리가,부산진구 범천동875-11,신천대로65번길90,12,1,120,2015-05-22
414,도시형 생활주택(임의관리),수목하우스,부산진구 양정동343-3,양지로5번길77,15,1,22,2015-01-30
415,도시형 생활주택(임의관리),동진파크빌,부산진구 부전동508-28,가야대로750번길10,9,1,24,2014-09-16
416,도시형 생활주택(임의관리),프로그폴리스,부산진구 부전동414-2,가야대로755번길51,9,1,24,2014-02-28
417,도시형 생활주택(임의관리),한진스카이뷰,부산진구 양정동399-1,거제대로46,26,1,96,2015-03-03
418,도시형 생활주택(임의관리),수목하우스마동,부산진구 전포동650-0,서전로47번길41-9,8,1,24,2014-03-03
419,도시형 생활주택(임의관리),수목하우스라동,부산진구 전포동650-1,전포대로255번길18,8,1,24,2014-03-03
420,도시형 생활주택(임의관리),베스아이,부산진구 전포동661-7,서전로37번길19,12,1,45,2015-03-20
421,도시형 생활주택(임의관리),동경에이스,부산진구 가야동1-6,가야대로679번길11,7,1,24,2011-02-15
422,도시형 생활주택(임의관리),,부산진구 양정동273-28,거제천로18번길18,5,1,20,2011-06-07
423,도시형 생활주택(임의관리),은하수빌 B동,부산진구 부전동109-11,중앙대로756번길78-9,7,1,24,2013-01-30
424,도시형 생활주택(임의관리),청안에버빌,부산진구 부전동126-3,중앙대로756번길18-6,10,1,40,2014-06-12
425,도시형 생활주택(임의관리),우진스위트,부산진구 양정동142-5,중앙대로980번길27-5,8,1,20,2015-11-23
426,도시형 생활주택(임의관리),보성오페라블루,부산진구 양정동257-23,동평로405번길103,8,1,20,2014-03-13
427,도시형 생활주택(임의관리),대동레미안6,부산진구 개금동177-189,복지로21번길39-1,7,1,24,2014-01-27
428,도시형 생활주택(임의관리),서면동화더파크,부산진구 부전동424-5,가야대로747번길11,15,1,27,2015-05-22
429,도시형 생활주택(임의관리),스카이타워,부산진구 부전동511-7,가야대로756번길32,9,1,20,2014-02-18
430,도시형 생활주택(임의관리),세원하우스,부산진구 부전동122-8,동천로107번길12-21,10,1,32,2015-07-22
431,도시형 생활주택(임의관리),동양캐슬,부산진구 부전동415-5,부전로111번길27,9,1,20,2014-04-29
432,도시형 생활주택(임의관리),베네치아타워,부산진구 부전동511-8,부전로65번길14,9,1,20,2014-02-18
433,도시형 생활주택(임의관리),세원하우스,부산진구 부전동466-28,부전로95번길9,9,1,24,2014-07-29
434,도시형 생활주택(임의관리),제나두,부산진구 양정동236-3,진연로9,8,1,24,2012-12-20
435,도시형 생활주택(임의관리),,부산진구 부전동423-4,부전로95번길40,10,1,23,2011-07-14
436,도시형 생활주택(임의관리),,부산진구 전포동363-57,서전로58번길137,6,1,20,2011-04-20
437,도시형 생활주택(임의관리),럭스빌,부산진구 부전동425-31,가야대로755번길11-8,6,1,20,2011-05-26
438,도시형 생활주택(임의관리),제니스빌,부산진구 전포동306-15,서전로58번길37-7,6,1,20,2010-08-12
439,도시형 생활주택(임의관리),더원펠리스B동,부산진구 부전동408-37,가야대로755번길64-6,6,1,20,2011-09-30
440,도시형 생활주택(임의관리),진일아파트,부산진구 가야동634-1,냉정로253번길13,5,1,44,1980-12-19
441,도시형 생활주택(임의관리),그린빌,부산진구 가야동558-0,가야대로548번길114,5,1,28,2010-08-05
442,도시형 생활주택(임의관리),둥지빌,부산진구 가야동464-71,대학로86,5,1,28,2010-02-04
443,도시형 생활주택(임의관리),쁘띠메종,부산진구 양정동355-2,양지로11번길30,6,1,20,2011-11-23
444,도시형 생활주택(임의관리),동원에이스,부산진구 가야동414-9,엄광로196,5,1,36,2010-04-01
445,도시형 생활주택(임의관리),장미빌,부산진구 가야동408-38,엄광로212번길10,4,1,28,2007-09-18
446,도시형 생활주택(임의관리),로얄캐슬,부산진구 양정동114-2,연제로27번길28,5,1,24,2011-02-25
447,도시형 생활주택(임의관리),,부산진구 양정동358-1,진남로502,5,1,29,2011-02-10
448,도시형 생활주택(임의관리),Golden House,부산진구 양정동238-8,진연로9번길8,6,1,20,2010-06-28
449,도시형 생활주택(임의관리),벽산빌,부산진구 개금동554-212,복지로41번길19,5,1,28,2011-03-08
450,도시형 생활주택(임의관리),리치빌,부산진구 개금동533-7,복지로21번길12-9,7,1,20,2011-12-06
451,도시형 생활주택(임의관리),더원 펠리스,부산진구 부전동109-3,중앙대로756번길18-5,6,1,20,2010-12-08
452,도시형 생활주택(임의관리),유한빌,부산진구 전포동308-2,전포대로216번길16,7,1,20,2011-11-15
453,도시형 생활주택(임의관리),해든빌,부산진구 양정동137-2,중앙대로980번길 51,6,1,24,2011-10-20
454,도시형 생활주택(임의관리),마메종,부산진구 개금동169-27,가야공원로14번길77,6,1,20,2011-09-28
455,도시형 생활주택(임의관리),스마트원룸,부산진구 가야동416-11,대학로82,10,1,99,2012-02-02
456,도시형 생활주택(임의관리),블루스카이,부산진구 범천동1215-12,신암로117번길37-5,9,1,28,2013-06-21
457,도시형 생활주택(임의관리),더나이스,부산진구 전포동891-47,전포대로157-2,10,1,56,2014-02-21
458,도시형 생활주택(임의관리),포세이돈에이,부산진구 전포동662-14,동천로108번길19,10,1,40,2014-07-01
459,도시형 생활주택(임의관리),포세이돈비,부산진구 전포동662-9,서전로37번길17-2,10,1,40,2014-07-01
460,도시형 생활주택(임의관리),더샵골드6,부산진구 전포동147-2,전포대로300번길49,15,1,50,2018-09-21
461,도시형 생활주택(임의관리),,부산진구 부전동417-6,가야대로755번길26,12,1,48,2017-01-10
462,도시형 생활주택(임의관리),수목하우스 A동,부산진구 양정동321-11,동평로397번길5,10,1,24,2017-08-14
463,도시형 생활주택(임의관리),라인힐스,개금동 616-7 외1필지,냉정로178번길 30-4,7,1,9,2022-05-06
464,도시형 생활주택(임의관리),양지코쿤,가야동 508-1,가야공원로63번길 17,6,1,9,2021-08-11
465,도시형 생활주택(임의관리),라인빌,연지동 37-20,성지로14번길 39,5,1,12,2021-11-12
466,도시형 생활주택(임의관리),라인빌,양정동 506-32,범양로119번길 10,5,1,8,2021-10-13
467,도시형 생활주택(임의관리),마크타워1오피스텔,부전동 423-3 외1필지,가야대로747번길 19,14,1,18,2021-08-10
468,도시형 생활주택(임의관리),시민공원일동미라주시티,부암동 304-14,동평로192,28,1,250,2022-01-28
469,도시형 생활주택(임의관리),이랜드PEER서면,부전동 536-18 외1필지,중앙대로664,33,1,299,2022-01-13
470,주상복합(임의관리),예일프라자,전포2동661-2,서전로37번길 25-9,9,1,24,1987-05-21
471,주상복합(임의관리),광동포시즌텔,부전1동 420-22,가야대로755번길 29-26,7,1,35,1998-11-25
472,주상복합(임의관리),신화하이빌,초읍동279-9,초읍천로108번길 56,10,1,36,2001-11-14
473,주상복합(임의관리),금호그랜드타운,당감2동109-4,가야대로 635-12,16,1,130,2001-07-21
474,주상복합(임의관리),전원타워빌,양정2동145-12,연수로11번길 57,12,1,44,2001-08-16
475,주상복합(임의관리),유인인터빌아파트,범천2동1291-18,신암로 25-6,14,1,60,2002-03-30
476,주상복합(임의관리),새롬하이빌,연지동23-1,동평로291번길 54,10,2,48,2002-04-11
477,주상복합(임의관리),서면시즈빌아파트,당감2동 69-4,가야대로703번길 30,14,1,97,2002-08-12
478,주상복합(임의관리),덕임디오네빌,연지동 72-4,성지로 8,10,1,54,2002-08-19
479,주상복합(임의관리),한성시트빌,전포2동 172-3,전포대로 280,17,1,58,2002-08-22
480,주상복합(임의관리),경원프라우드빌,전포3동 890-35,전포대로171번길 23,15,1,25,2002-09-06
481,주상복합(임의관리),태석해오름아파트,부전2동 674,신천대로165번길 36,12,1,36,2003-04-25
482,주상복합(임의관리),동연아미가,전포2동 635-1,동성로 133,15,1,84,2003-07-08
483,주상복합(임의관리),범천동프렌빌,범천1동875-24,신천대로71번길 49,15,1,143,2003-07-08
484,주상복합(임의관리),골드스카이80,당감2동 1022,가야대로 695,12,1,41,2003-08-20
485,주상복합(임의관리),보영미네르빌,부전2동 508-22,가야대로750번길 6,15,1,107,2003-10-13
486,주상복합(임의관리),금오파크뷰,연지동 42-3,동평로 273,15,1,67,2003-10-17
487,주상복합(임의관리),경원프라우드빌-2,전포3동 890-37,전포대로 163,15,1,132,2003-10-21
488,주상복합(임의관리),세운이노빌,범천1동 859-16,황령대로 23,15,1,135,2003-10-21
489,주상복합(임의관리),위너비타,전포1동 674-1,서전로 46,15,1,51,2003-11-19
490,주상복합(임의관리),에이치와이원룸,부전1동 417-8,부전로 101,13,1,81,2003-11-24
491,주상복합(임의관리),아세만화니-뜨,양정2동 7-9,연수로 62,15,1,39,2003-12-19
492,주상복합(임의관리),서면그린빌,범천4동 1067-39,가야대로 708,15,1,52,2003-12-30
493,주상복합(임의관리),대우리치빌,전포2동 554-2,전포대로306번길 10,12,1,55,2003-04-30
494,주상복합(임의관리),동조리젠시,범천4동980-4,신암로 86-1,14,1,48,2003-05-16
495,주상복합(임의관리),동양크리스탈,범천1동839-18,자유평화로37번길 13,15,1,26,2003-05-29
496,주상복합(임의관리),보해이브빌,전포1동695-5,전포대로 179,15,1,78,2003-06-12
497,주상복합(임의관리),덕포그랜드힐,양정2동272-15,연수로11번길 31,12,1,30,2003-06-24
498,주상복합(임의관리),한성타운101,전포2동 178-70,동성로118번길 16,15,1,40,2004-03-29
499,주상복합(임의관리),지산오차드힐,연지동 72-30,동평로 263,15,1,36,2004-04-19
500,주상복합(임의관리),청아리치타운,전포2동 595-20 외1필지,동성로 140,15,1,84,2004-04-23
501,주상복합(임의관리),탑패밀리,범천2동 1589-27 외1필지,신천대로 167,15,1,130,2004-04-28
502,주상복합(임의관리),한성타운102,전포2동 178-25,동성로118번길 16,6,1,35,2004-04-30
503,주상복합(임의관리),코이노빌,부전1동 42-1,부전로191,15,1,40,2004-05-15
504,주상복합(임의관리),대원플러스빌,양정1동 370-4,동평로 416,20,1,72,2004-06-02
505,주상복합(임의관리),로얄파크빌,개금1동 177-181 외1필지,복지로 29-1,11,1,23,2004-06-29
506,주상복합(임의관리),부암동리젠트힐,부암1동 65-17 외2필지,신천대로 242,15,1,66,2004-10-15
507,주상복합(임의관리),삼성비치타운,부전1동 122-1 외3필지,중앙대로756번길 18-10,13,1,79,2004-10-27
508,주상복합(임의관리),유원타워,부전2동 560-16,신천대로165번길 13,14,1,57,2005-03-07
509,주상복합(임의관리),대동레미안,범천1동 859-7,중앙대로644번길 62,20,1,34,2005-03-09
510,주상복합(임의관리),글로벌타워,개금1동 515-6,가야대로 458,20,1,68,2005-05-04
511,주상복합(임의관리),동원퀸스빌,범천동 1197-8,신암로 107,15,1,60,2005-06-09
512,주상복합(임의관리),신화골든뷰,전포2동 194-14,전포대로 194-14,20,1,68,2005-11-11
513,주상복합(임의관리),동우주택,범천동 1230-193,신암로 89,14,1,24,2005-11-14
514,주상복합(임의관리),몽레브,가야2동 619-7,가야공원로14번길 37,8,1,21,2006-05-30
515,주상복합(임의관리),현호네오빌,부전2동 631,신천대로 134,15,1,33,2007-02-27
516,주상복합(임의관리),한신센타뷰,가야1동 56-2,가야대로 597,20,1,128,2007-04-24
517,주상복합(임의관리),에스엔디파인빌,부전2동 532-9,부전로 7,15,1,114,2007-06-25
518,주상복합(임의관리),엘리시아,양정2동 270-3 외1필지,중앙대로 966,15,1,39,2007-08-13
519,주상복합(임의관리),개금동 아이리스 5차 에비뉴,개금동177-149,가야대로468번길11,20,1,60,2018-12-27
520,주상복합(임의관리),개금역 대상웰리움,개금동165-2,가야대로498번길14,15,1,102,2017-07-19
521,주상복합(임의관리),서면루미랑스,부암동680-18,가야대로747번길62,17,1,42,2019-04-25
522,주상복합(임의관리),개금블루스카이,개금동198-1,개금온정로6,15,1,40,2015-09-30
523,주상복합(임의관리),굿모닝뷰,양정동388-2,거제대로60번길24,14,1,44,2016-08-30
524,주상복합(임의관리),,범천동842-3,범일로154번길55,19,1,64,2018-06-21
525,주상복합(임의관리),범천 SJ FABER,범천동882-24,범일로161-1,20,1,112,2019-03-22
526,주상복합(임의관리),대동레미안 센트럴시티,부전동474-51,부전로108,19,1,144,2019-04-05
527,주상복합(임의관리),명가포레스트,전포동193-33,서전로57번길41,15,1,38,2019-04-17
528,주상복합(임의관리),연지동 백리명가 에덴,연지동41-5,성지로8번길40,14,1,39,2017-07-25
529,주상복합(임의관리),서면 라이포레,범천동1055-1,신천대로165번길10,20,1,69,2017-12-22
530,주상복합(임의관리),홍림로얄뷰,당감동71-5,신천대로183번길64-15,15,1,78,2015-12-07
531,주상복합(임의관리),야긴 다하임,부암동669-18,신천대로220번길77-1,15,1,42,2017-08-18
532,주상복합(임의관리),샛별스위트,양정동7-12,양연로6번길12,14,1,29,2017-08-08
533,주상복합(임의관리),전포 유림노르웨이숲,전포동362-65,전포대로148,147,1,147,2019-05-14
534,주상복합(임의관리),동양팰리스,전포동194-7,전포대로246번길6,25,1,123,2016-06-02
535,주상복합(임의관리),,전포동194-14,전포대로250,20,1,68,2005-11-11
536,주상복합(임의관리),리츠캐슬,범천동842-28,중앙번영로26,15,1,78,2019-03-08
537,주상복합(임의관리),유창아이리치,개금동171-49,냉정로223,15,1,78,2019-04-01
538,주상복합(임의관리),금광예다움,연지동156-12,동평로223번길17-9,13,1,21,2017-03-09
539,주상복합(임의관리),서면 TK 골드뷰,부전동454-2,신천대로100,15,1,40,2017-02-27
540,주상복합(임의관리),,양정동271-4,중앙대로970번길18,13,1,28,2017-01-06
541,주상복합(임의관리),세원수아파트,당감동70-5,가야대로703번길26,15,1,50,2016-06-13
542,주상복합(임의관리),메리온시티,양정동387-19,거제대로52,20,1,57,2017-01-04
543,주상복합(임의관리),더샵골드3,범천동841-1,자유평화로37번길51,14,1,40,2015-09-07
544,주상복합(임의관리),양정센텀,양정동109-9,연수로57,15,1,95,2015-02-12
545,주상복합(임의관리),,개금동424-9,개금본동로9번길 77,5,1,32,1981-08-12
546,주상복합(임의관리),삼성비치타운,부전동122-1,중앙대로756번길18-1,13,1,79,2004-10-27
547,주상복합(임의관리),범천동 건오힐타워,당감동976-0,가야대로711,24,1,69,2004-07-15
548,주상복합(임의관리),연지동삼정그린코아,연지동192-9,동평로235번길19,15,1,69,2016-05-16
549,주상복합(임의관리),스윗팰리스,연지동41-10,성지로8번길36,14,1,52,2016-07-29
550,주상복합(임의관리),해오름2차,부전동674-1,신천대로165번길38,12,1,42,2004-12-20
551,주상복합(임의관리),우일아내트,범천동844-3,중앙번영로12-1,20,1,85,2018-11-28
552,주상복합(임의관리),,범천동842-11,범일로154번길49,15,1,56,2017-01-12
553,주상복합(임의관리),세원秀아파트,초읍동173-8,성지로130,15,1,98,2018-04-27
554,주상복합(임의관리),TK 골드뷰,범천동842-4,범일로154번길61,15,1,30,2014-11-25
555,주상복합(임의관리),,가야동617-8,냉정로261,5,1,20,1983-05-07
556,주상복합(임의관리),가남아파트 1호동,가야동450-2,대학로64-1,5,1,28,1982-04-13
557,주상복합(임의관리),반도맨숀,초읍동252-1,성지로93번길30,4,1,36,1981-03-21
558,주상복합(임의관리),대동레미안 더 오션,부전동415-1,부전로111번길15,12,1,75,2017-03-16
559,주상복합(임의관리),,부전동410-5,가야대로755번길55-4,5,1,20,1976-05-08
560,주상복합(임의관리),산정아파트,양정동138-10,연수로47-2,6,1,32,1975-07-05
561,주상복합(임의관리),골든엠파이어,당감동880-4,신천대로191,15,1,27,2014-12-10
562,주상복합(임의관리),대동레미안 센트럴시티5,범천동 849-2,범일로192번길 10,20,1,187,2019-11-05
,,,,,,,,
